use master
create database QL_NhaSachFahasa
go

use  QL_NhaSachFahasa

CREATE TABLE NhanVien(
	maNV NVARCHAR(10) NOT NULL PRIMARY KEY,
	hoTen NVARCHAR(30) NOT NULL,
	soDienThoai NVARCHAR(11) NOT NULL,
	diaChi NVARCHAR(255) NOT NULL,
	email NVARCHAR(30) NOT NULL,
	gioiTinh BIT NOT NULL,
	chucVu NVARCHAR(20) NOT NULL,
	ngaySinh date NOT NULL,
	hinhAnh NVARCHAR(255) NOT NULL,
	trangThai NVARCHAR(20) NOT NULL
)
go
CREATE TABLE TaiKhoan(
	maTK NVARCHAR(10) NOT NULL PRIMARY KEY,
	tenDangNhap NVARCHAR(10) NOT NULL FOREIGN KEY REFERENCES NhanVien(maNV),
	matKhau NVARCHAR(50) NOT NULL
)
go
CREATE TABLE KhoHang(
	maKhoHang NVARCHAR(10) NOT NULL PRIMARY KEY,
	tenKho NVARCHAR(20) NOT NULL,
	sucChua INT NOT NULL,
	diaChi NVARCHAR(255) NOT NULL,
)
go
CREATE TABLE LoaiSach(
	maLoai NVARCHAR(10) NOT NULL PRIMARY KEY,
	tenLoai NVARCHAR(20) NOT NULL
)
go
CREATE TABLE Sach(
	ISBN NVARCHAR(17) NOT NULL PRIMARY KEY,
	tenSach NVARCHAR(255) NOT NULL,
	tacGia NVARCHAR(30) NOT NULL,
	namXB INT NOT NULL,
	nhaXB NVARCHAR(30) NOT NULL,
	soLuongTrongKho INT NOT NULL,
	giaGoc MONEY NOT NULL,
	maLoaiSach NVARCHAR(10) FOREIGN KEY REFERENCES LoaiSach(maLoai),
	hinhAnh NVARCHAR(255) NOT NULL,
	trangThai NVARCHAR(20) NOT NULL
)
go
CREATE TABLE ChiTietKhoHang(
	maChiTietKhoHang NVARCHAR(10) NOT NULL PRIMARY KEY,
	ISBN NVARCHAR(17) NOT NULL FOREIGN KEY REFERENCES Sach(ISBN),
	maKhoHang NVARCHAR(10) NOT NULL FOREIGN KEY REFERENCES KhoHang(maKhoHang),
	soLuong INT NOT NULL
)
go
CREATE TABLE PhieuNhapKho(
	maPhieuNhapKho NVARCHAR(10) NOT NULL PRIMARY KEY,
	ngayLap date NOT NULL,
	maNV NVARCHAR(10) NOT NULL FOREIGN KEY REFERENCES NhanVien(maNV),
	maKhoHangNhap NVARCHAR(10) NOT NULL FOREIGN KEY REFERENCES KhoHang(maKhoHang),
	soLuong INT NOT NULL
)
go
CREATE TABLE ChiTietPhieuNhapKho(
	maChiTietPhieuNhapKho NVARCHAR(10) NOT NULL PRIMARY KEY,
	maPhieuNhapKho NVARCHAR(10) NOT NULL FOREIGN KEY REFERENCES PhieuNhapKho(maPhieuNhapKho),
	soLuong INT,
	ISBN NVARCHAR(17) NOT NULL FOREIGN KEY REFERENCES Sach(ISBN)
)
go
CREATE TABLE PhieuXuatKho(
	maPhieuXuatKho NVARCHAR(10) NOT NULL PRIMARY KEY,
	ngayLap date NOT NULL,
	maNV NVARCHAR(10) NOT NULL FOREIGN KEY REFERENCES NhanVien(maNV),
	maKhoHangXuat NVARCHAR(10) NOT NULL FOREIGN KEY REFERENCES KhoHang(maKhoHang),
	maKhoHangNhap NVARCHAR(10) NOT NULL FOREIGN KEY REFERENCES KhoHang(maKhoHang),
	soLuong INT NOT NULL
)
go
CREATE TABLE ChiTietPhieuXuatKho(
	maChiTietPhieuXuatKho NVARCHAR(10) NOT NULL PRIMARY KEY,
	maPhieuXuatKho NVARCHAR(10) NOT NULL FOREIGN KEY REFERENCES PhieuXuatKho(maPhieuXuatKho),
	soLuong INT,
	ISBN NVARCHAR(17) NOT NULL FOREIGN KEY REFERENCES Sach(ISBN)
)
go
CREATE TABLE HoaDon(
	maHoaDon NVARCHAR(10) NOT NULL PRIMARY KEY,
	ngayTaoDon date NOT NULL,
	maNV NVARCHAR(10) NOT NULL FOREIGN KEY REFERENCES NhanVien(maNV)
)
CREATE TABLE ChiTietHoaDon(
	maChiTietHoaDon NVARCHAR(10) NOT NULL PRIMARY KEY,
	maHoaDon NVARCHAR(10) NOT NULL FOREIGN KEY REFERENCES HoaDon(maHoaDon),
	--ngayNhapKho date NOT NULL,
	ISBN NVARCHAR(17) NOT NULL FOREIGN KEY REFERENCES Sach(ISBN),
	soLuong INT NOT NULL,
	donGia MONEY NOT NULL
)
go
INSERT NhanVien (maNV, hoTen, soDienThoai, diaChi,email,gioiTinh,ngaySinh,chucVu,hinhAnh, trangThai)
VALUES
	('22687251', N'Nguyễn Huỳnh Ngọc Hải', '0982301311', N'quận Bình Thạnh, Thành phố Hồ Chí Minh', 'ngochai@gmail.com',0, convert(datetime,'24-08-2004',105),N'Quản lý','../ServiceImage/NhanVien_IMG', N'Đang làm'),
	('22690761', N'Nguyễn Huỳnh Thế Bảo', '1234567891', N'Quận 10, Thành phố Hồ Chí Minh', 'tudien1@gmail.com',0, convert(datetime,'29-03-2004',105),N'Nhân viên','../ServiceImage/NhanVien_IMG/Anh_TheBao.png', N'Đang làm'),
	('22685411', N'Lê Văn Hửu Thái', '1234567891', N'Quận Gò Vấp, Thành phố Hồ Chí Minh', 'tudien2@gmail.com',0, convert(datetime,'31-10-2004',105),N'Quản lý','../ServiceImage/NhanVien_IMG/Anh_HuuThai.png', N'Đang làm'),
	('22685461', N'Nguyễn Tấn Nghị', '1234567891', N'Quận 12, Thành phố Hồ Chí Minh', 'tudien3@gmail.com',0, convert(datetime,'18-08-1890',105),N'Nhân viên','../ServiceImage/NhanVien_IMG/Anh_TanNghi.png', N'Đang làm'),
	('22691361', N'Phạm Đắc Thịnh', '1234567891', N'Quận 12, Thành phố Hồ Chí Minh', 'tudien4@gmail.com',0, convert(datetime,'23-01-2004',105),N'Thủ kho','../ServiceImage/NhanVien_IMG/Anh_DacThinh.png', N'Đang làm'),

	('22691362', N'Nguyễn Hoài Nhân', '1234567892', N'Quận 12, Thành phố Hồ Chí Minh', 'tudien4@gmail.com',0,convert(datetime,'18-05-2000',105),N'Nhân viên','../ServiceImage/NhanVien_IMG/Anh_HoaiNhan.png', N'Đang làm'),
	('22691363', N'Phạm Thị Kim Yến', '1234567893', N'Quận 1, Thành phố Hồ Chí Minh', 'tudien14@gmail.com',1,convert(datetime,'18-05-2000',105),N'Nhân viên','../ServiceImage/NhanVien_IMG/Anh_KimYen.png', N'Đang làm'),
	('22691364', N'Lê Thị Yến Nhi', '1234567894', N'Quận 4, Thành phố Hồ Chí Minh', 'tudien24@gmail.com',1,convert(datetime,'18-05-2000',105),N'Nhân viên','../ServiceImage/NhanVien_IMG/Anh_YenNhi.png', N'Đang làm'),
	('22691365', N'Nguyễn Hoàng Sang', '1234567895', N'Quận 5, Thành phố Hồ Chí Minh', 'tudien34@gmail.com',0,convert(datetime,'18-05-2000',105),N'Nhân viên','../ServiceImage/NhanVien_IMG/Anh_HoangSang.png', N'Đang làm'),
	('22691366', N'Trần Ngọc Phát', '1234567896', N'Quận 6, Thành phố Hồ Chí Minh', 'tudien44@gmail.com',0, convert(datetime,'18-05-2000',105),N'Nhân viên','../ServiceImage/NhanVien_IMG/Anh_NgocPhat.png', N'Đang làm'),
	('22691367', N'Nguyễn Trường Duy', '1234567897', N'Quận 7, Thành phố Hồ Chí Minh', 'tudien54@gmail.com',0,convert(datetime,'18-05-2000',105),N'Nhân viên','../ServiceImage/NhanVien_IMG/Anh_TruongDuy.png', N'Đang làm')

go
INSERT TaiKhoan(maTK,tenDangNhap,matKhau)
VALUES
			('TK001','22687251','123456'),
			('TK002','22685461','123456'),
			('TK003','22691361','123456'),
			('TK004','22685411','123456'),
			('TK005','22690761','123456'),

			('TK006','22691362','123456'),
			('TK007','22691363','123456'),
			('TK008','22691364','123456'),
			('TK009','22691365','123456'),
			('TK010','22691366','123456'),
			('TK011','22691367','123456')

go
INSERT LoaiSach(maLoai,tenLoai)
VALUES
	('L0001',N'Tiểu thuyết'),
	('L0002',N'Lịch sử'),
	('L0003',N'Thiếu nhi'),
	('L0004',N'Văn hóa xã hội'),
	('L0005',N'Tâm lý, tình cảm')
go
INSERT KhoHang(maKhoHang,tenKho,sucChua,diaChi)
VALUES
	('KH0001',N'FAHASA Tân Định',5000,N'Hai Bà Trưng, Phường 8, Quận 3, Hồ Chí Minh 700000'),
	('KH0002',N'FAHASA Nguyễn Huệ',5000,N'40 Đ. Nguyễn Huệ, Bến Nghé, Quận 1, Hồ Chí Minh 700000'),
	('KH0003',N'FAHASA Phú Nhuận',7500,N'201 Phan Đình Phùng, Phường 17, Phú Nhuận, Hồ Chí Minh 700000'),
	('KH0004',N'FAHASA Lạc Xuân',5000,N'220 Đ.Nguyễn Văn Nghi, Phường 7, Gò Vấp, Hồ Chí Minh 700000'),
	('KH0005',N'FAHASA Gò Vấp',15000,N'366 Đ. Phan Văn Trị, Phường 5, Gò Vấp, Hồ Chí Minh 700000')
go
INSERT Sach(ISBN,tenSach,tacGia,namXB,nhaXB,soLuongTrongKho,giaGoc,maLoaiSach,hinhAnh, trangThai)
VALUES
	('9786044916934',N'Trúng Số Độc Đắc',N'Vũ Trọng Phụng',2024,N'Văn Học',100,80000,'L0001','../ServiceImage/Sach_IMG/Sach_TrungSoDocDac.png', N'Đang bán'),
	('8935212358095',N'100++ Kỹ Năng Tự Bảo Vệ Bản Thân Cho Trẻ',N'Tiểu Mạch Đông Thái',2022,N'NXB Hà Nội',50,70000,'L0003','../ServiceImage/Sach_IMG/Sach_100KyNangBaoVeBanThan.png', N'Đang bán'),
	('8935235242449',N'Kết Thúc Của Chúng Ta',N'Colleen Hoover',2024,N'Hội nhà văn',60,55000,'L0005','../ServiceImage/Sach_IMG/Sach_NhatKyCuaChungTa.png', N'Đang bán'),
	('8935095632053',N'Nhật Ký Trong Tù (Tái Bản)',N'Hồ Chí Minh',2021,N'NXB Văn Học',50,45000,'L0002','../ServiceImage/Sach_IMG/Sach_NhatKyTrongTu.png.jpg', N'Đang bán'),
	('9786044731483',N'Neo Chữ',N'Nguyễn Hoài Nam',2023,N'Hội Nhà Văn',50,140000,'L0004','../ServiceImage/Sach_IMG/Sach_NeoChu.png', N'Đang bán'),

	('9786044731484',N'Giải Mã Hành Vi Đọc Vị Cảm Xúc',N'Patrick King',2019,N'1980 Books',60,135000,'L0005','../ServiceImage/Sach_IMG/Sach_GiaiMaHanhViDocViCamXuc.png', N'Đang bán'),
	('9786044731485',N'Phân Tích Tâm Lý Hành Vi',N'Gillian Tett',2015,N'1980 Books',67,138000,'L0005','../ServiceImage/Sach_IMG/Sach_PhamTichHanhViCamXucConNguoi.png', N'Đang bán'),
	('9786044731486',N'Thao Túng Tâm Lý Trong Tình Yêu',N'Michelle Moore',2021,N'1980 Books',23,120000,'L0005','../ServiceImage/Sach_IMG/Sach_ThaoTungTamLyTrongTinhYeu.png', N'Đang bán'),
	('9786044731487',N'Tâm Lý Học Căn Bản',N'Roberts Feldman',2020,N'Giáo dục Việt Nam',100,155000,'L0005','../ServiceImage/Sach_IMG/Sach_TamLyHocCanBan.png', N'Đang bán'),
	('9786044731488',N'Tâm Lý Học Tính Cách',N'Trâu Hoành Minh',2021,N'MintBooks',88,115000,'L0005','../ServiceImage/Sach_IMG/Sach_TamLyHocTinhCach.png', N'Đang bán'),
	('9786044731489',N'Tâm Lý Tính Nữ',N'Trương Tử Cầm',2019,N'MintBooks',45,157000,'L0005','../ServiceImage/Sach_IMG/Sach_TamLyTinhNu.png', N'Đang bán'),
	('1786044731480',N'Đi Tìm Lẽ Sống',N'Viktor E. Frankl',2020,N'1980 Books',77,195000,'L0005','../ServiceImage/Sach_IMG/Sach_DiTimLeSong.png', N'Đang bán'),

	('9186044731480',N'Mùa Hè Thơ Ấu',N'Nguyễn Thị Giang',2022,N'1980 Books',136,105000,'L0003','../ServiceImage/Sach_IMG/Sach_MuaHeThoAu.png', N'Đang bán'),
	('9286044731480',N'Khu Rừng Kỳ Diệu',N'Evelyn Sasamoto',2023,N'Kim Đồng',145,95000,'L0003','../ServiceImage/Sach_IMG/Sach_KhuRungKyDieu.png', N'Đang bán'),
	('9386044731480',N'Những Ngôi Sao Trên Bầu Trời',N'Nguyễn Phan Quế Mai',2023,N'Kim Đồng',32,116000,'L0003','../ServiceImage/Sach_IMG/Sach_NhungNgoiSaoTrenBauTroi.png', N'Đang bán'),
	('9486044731480',N'30 Ngày Rèn Luyện Phẩm Chất',N'Đậu Thị Nhung',2022,N'Kim Đồng',142,88000,'L0003','../ServiceImage/Sach_IMG/Sach_30KyNangRenLuyenPhamChat.png', N'Đang bán'),

	('9586044731480',N'Đại Cương Văn Hóa Phương Đông',N'Nguyễn Văn Nam',2020,N'Kim Đồng',136,80000,'L0004','../ServiceImage/Sach_IMG/Sach_DaiCuongVanHoa.png', N'Đang bán'),
	('9686044731480',N'Khía Cạnh Văn Hóa - Xã Hội Của Kiến Trúc',N'Colleen Hoover',2021,N'Kim Đồng',142,88000,'L0004','../ServiceImage/Sach_IMG/Sach_KhiaCanhKienTruc.png', N'Đang bán'),
	('9786044731480',N'Văn Hóa Hà Giang',N'Patrick King',2023,N'Kim Đồng',112,89000,'L0004','../ServiceImage/Sach_IMG/Sach_VanHoaHaGiang.png', N'Đang bán'),
	('9886044731480',N'Hồ Xuân Hương',N'Nguyễn Thế Quang',2022,N'Kim Đồng',199,125000,'L0004','../ServiceImage/Sach_IMG/Sach_HoXuanHuong.png', N'Đang bán'),
	('9986044731480',N'Những Cuộc Phiêu Lưu Của Huckleberry Finn',N'Mark Twain',2022,N'Kim Đồng',200,200000,'L0004','../ServiceImage/Sach_IMG/Sach_NhungCuocPhieuLuu.png', N'Đang bán'),
	('4716044731480',N'Đàng Trong Thời Chúa Nguyễn',N'Đỗ Bang ',2019,N'Kim Đồng',212,219000,'L0004','../ServiceImage/Sach_IMG/Sach_ThoiChuaNguyen.png', N'Đang bán'),
	('9726044731480',N'Yếu Tố Văn Hóa, Xã Hội Trong Đời Sống Sinh Kế ',N'Bùi Thị Bích Lan',2018,N'Viện Hàn Lâm',182,95000,'L0004','../ServiceImage/Sach_IMG/Sach_YeuToVanHoa.png', N'Đang bán'),
	('9736044731480',N'Các Nền Văn Hóa Thế Giới',N'Đặng Hữu',2022,N'Khoa Học Xã Hội',142,188000,'L0004','../ServiceImage/Sach_IMG/Sach_CacNenVanHoaTheGioi.png', N'Đang bán'),

	('9746044731480',N'Những Người Đàn Bà',N'Etaf Rum',2022,N'Nhã Nam',143,198000,'L0001','../ServiceImage/Sach_IMG/Sach_NhungNguoiDanBa.png', N'Đang bán'),
	('9756044731480',N'Cứu Tinh Xứ Cát',N'Frank Herbert',2023,N'Kim Đồng',252,288000,'L0001','../ServiceImage/Sach_IMG/Sach_CuuTinhXuCat.png', N'Đang bán'),
	('9766044731480',N'The Lord of the Rings',N'J.R.R. Tolkien',2021,N'Khoa Học Xã Hội',192,188000,'L0001','../ServiceImage/Sach_IMG/Sach_Lord.png', N'Đang bán'),
	('9776044731480',N'Khải Huyền Muộn',N'Nguyễn Việt Hà',2020,N'Bản Trẻ',143,88000,'L0001','../ServiceImage/Sach_IMG/Sach_KhaiHuyenMuon.png', N'Đang bán'),
	('9788044731480',N'Số Đỏ',N'Vũ Trọng Phụng',2023,N'Văn Học',178,170000,'L0001','../ServiceImage/Sach_IMG/Sach_SoDo.png', N'Đang bán'),
	('9789044731480',N'Từ Bến Sông Nhung',N'Nguyễn Văn Nam',2021,N'Bản Việt',162,138000,'L0001','../ServiceImage/Sach_IMG/Sach_TuBenSongNhung.png', N'Đang bán'),
	('9781044731480',N'Hồn Ma Đêm Giáng Sinh',N'Charles Dickens',2023,N'Nhã Nam',142,188000,'L0001','../ServiceImage/Sach_IMG/Sach_HonMaDemGiangSinh.png', N'Đang bán'),
	('9712044731480',N'Chiến Tranh và Hòa Bình',N'Lev Tolstoy',2022,N'Văn Học',192,118000,'L0001','../ServiceImage/Sach_IMG/Sach_ChienTranhVaHoaBinh.png', N'Đang bán'),
	('9713044731480',N'Cây Cam Ngọt Của Tôi',N'Vasconcelos',2023,N'Khoa Học Xã Hội',144,128000,'L0001','../ServiceImage/Sach_IMG/Sach_CayCamNgotCuaToi.png', N'Đang bán'),
	('9714044731480',N'Harry Potter and the Deathly Hallows',N'J.K. Rowling',2020,N'Kim Đồng',252,220000,'L0001','../ServiceImage/Sach_IMG/Sach_HarryPotter.png', N'Đang bán'),
	('9715044731480',N'Ghi Chép Pháp Y',N'Đặng Hữu',2021,N'Khoa Học Xã Hội',173,180000,'L0001','../ServiceImage/Sach_IMG/Sach_GhiChepPhapY.png', N'Đang bán'),
	('9716044731480',N'Dữ Liệu Tử Thần ',N'Jeffery Deaver',2023,N'1980 Books',122,190000,'L0001','../ServiceImage/Sach_IMG/Sach_DuLieuTuThan.png', N'Đang bán'),
	('9717044731480',N'Sherlock Holmes',N'Arthur Conan',2022,N'Khoa Học Xã Hội',112,200000,'L0001','../ServiceImage/Sach_IMG/Sach_Conan.png', N'Đang bán'),
	('9718044731480',N'Trinh Thám Việt Nam',N'Mauro',2020,N'Nhã Nam',142,100000,'L0001','../ServiceImage/Sach_IMG/Sach_TrinhThamVietNam.png', N'Đang bán'),

	('9718044732480',N'Lịch Sử Chữ Quốc Ngữ 1620 - 1659',N'Đỗ Quang Chính',2020,N'Kim Đồng',142,100000,'L0002','../ServiceImage/Sach_IMG/Sach_LichSuChuQuocNgu.png', N'Đang bán'),
	('9718044733480',N'Điện Biên Phủ - Điểm Hẹn Lịch Sử',N'Trần Mạnh Thường',2020,N'Kim Đồng',142,100000,'L0002','../ServiceImage/Sach_IMG/Sach_LichSuDienBienPhu.png', N'Đang bán'),
	('9718044734480',N'Vua Gia Long và Người Pháp',N'Hà Hữu Đức',2020,N'Kim Đồng',142,100000,'L0002','../ServiceImage/Sach_IMG/Sach_VuaGiaLongVaNguoiPhap.png', N'Đang bán'),
	('9718044735480',N'Lịch Sử Thế Giới Qua 100 Hiện Vật',N'Neil MacGregor',2023,N'Kim Đồng',142,100000,'L0002','../ServiceImage/Sach_IMG/Sach_LichSuTheGioiQua100HienVat.png', N'Đang bán'),
	('9718044736480',N'Nexus',N'Yuval Noah Harari',2023,N'Kim Đồng',142,100000,'L0002','../ServiceImage/Sach_IMG/Sach_Nexus.png', N'Đang bán'),
	('9718044737480',N'Sự Trỗi Dậy và Suy Tàn Của Đế Chế Thứ Ba',N'William L. Shirer',2023,N'Kim Đồng',142,100000,'L0002','../ServiceImage/Sach_IMG/Sach_SuTroiDayVaSuyTanCuaTheGioiThuBa.png', N'Đang bán'),
	('9718044738480',N'Đại Việt Sử Ký Toàn Thư',N'Mauro',2023,N'Khoa Học Xã Hội',142,100000,'L0002','../ServiceImage/Sach_IMG/Sach_DaiVietSuKyToanThu.png', N'Đang bán'),
	('9718044739480',N'10 Trận Đánh Nổi Tiếng Trong Lịch Sử',N'Đặng Việt Thụy',2023,N'Khoa Học Xã Hội',142,100000,'L0002','../ServiceImage/Sach_IMG/Sach_10TranDanhNoiTiengTrongLichSuVietNam.png', N'Đang bán'),
	('9718044710480',N'Một Chuyến Du Hành Đến Xứ Nam Hà',N'John Barrow',2022,N'Khoa Học Xã Hội',142,100000,'L0002','../ServiceImage/Sach_IMG/Sach_DuHanhDenXuNamHa.png', N'Đang bán'),
	('9718044711480',N'Hồn Sử Việt',N'Minh Châu',2022,N'Khoa Học Xã Hội',142,100000,'L0002','../ServiceImage/Sach_IMG/Sach_HonSuViet.png', N'Đang bán'),
	('9718044712480',N'Lịch Sử Quân Sự Việt Namm',N'Viện Lịch Sử Quân Sự',2022,N'Khoa Học Xã Hội',142,100000,'L0002','../ServiceImage/Sach_IMG/Sach_LichSuQuanSuVietNam.png', N'Đang bán'),
	('9718044714480',N'Việt Nam Thế Kỷ X',N'Trần Trọng Dương',2022,N'Khoa Học Xã Hội',142,100000,'L0002','../ServiceImage/Sach_IMG/Sach_VietNamTheKyX.png', N'Đang bán'),
	('9718044713480',N'Những Bài Học Lịch Sử',N'Will Ariel Durant',2022,N'Khoa Học Xã Hội',142,100000,'L0002','../ServiceImage/Sach_IMG/Sach_NhungBaiHocLichSu.png', N'Đang bán'),
	('9718044715480',N'Lịch Sử Hà Nội',N'Philippe Papin',2022,N'Nhã Nam',142,100000,'L0002','../ServiceImage/Sach_IMG/Sach_LichSuHaNoi.png', N'Đang bán'),
	('9718044716480',N'Lịch Sử Thế Giới',N'Nguyễn Hiến Lê',2021,N'Nhã Nam',142,100000,'L0002','../ServiceImage/Sach_IMG/Sach_LichSuTheGioi.png', N'Đang bán'),
	('9718044717480',N'Những Danh Tướng Trong Lịch Sử Việt Nam',N'Nhóm Tri Thức Việt',2021,N'Nhã Nam',142,100000,'L0002','../ServiceImage/Sach_IMG/Sach_NhungDanhTuongTrongLichSu.png', N'Đang bán'),
	('9718044718480',N'Các Triều Đại Việt Nam',N'Đỗ Đức Hùng',2021,N'Nhã Nam',142,100000,'L0002','../ServiceImage/Sach_IMG/Sach_SachTrieuDaiVietNam.png', N'Đang bán')


go
INSERT ChiTietKhoHang(maChiTietKhoHang, soLuong, ISBN, maKhoHang)
VALUES
	('CTKH01',100,'9786044916934','KH0001'),
	('CTKH02',50,'8935212358095','KH0001'),
	('CTKH03',60,'8935235242449','KH0002'),
	('CTKH04',50,'8935095632053','KH0003'),
	('CTKH05',50,'9786044731483','KH0003'),
	('CTKH06', 60,'9786044731484', 'KH0001'),
    ('CTKH07', 45,'9786044731489', 'KH0001'),
    ('CTKH08', 67,'9786044731485', 'KH0002'),
    ('CTKH09', 77,'1786044731480', 'KH0002'),
    ('CTKH10', 23,'9786044731486', 'KH0003'),
    ('CTKH11', 32,'9786044731487', 'KH0003'),
    ('CTKH12', 88,'9786044731488', 'KH0004'),
    ('CTKH13', 100,'9786044731483', 'KH0004'),
	('CTKH14', 136, '9186044731480', 'KH0001'),
    ('CTKH15', 145, '9286044731480', 'KH0002'),
    ('CTKH16', 32, '9386044731480', 'KH0003'),
    ('CTKH17', 142, '9486044731480', 'KH0004'),
    ('CTKH18', 136, '9586044731480', 'KH0005'),
    ('CTKH19', 142, '9686044731480', 'KH0001'),
    ('CTKH20', 112, '9786044731480', 'KH0002'),
	('CTKH21', 199, '9886044731480', 'KH0004'),
    ('CTKH22', 200, '9986044731480', 'KH0004'),
    ('CTKH23', 212, '4716044731480', 'KH0004'),
    ('CTKH24', 182, '9726044731480', 'KH0004'),
    ('CTKH25', 142, '9736044731480', 'KH0004'),
    ('CTKH26', 143, '9746044731480', 'KH0001'),
    ('CTKH27', 252, '9756044731480', 'KH0005'),
	('CTKH28', 192, '9766044731480', 'KH0005'),
    ('CTKH29', 143, '9776044731480', 'KH0005'),
    ('CTKH30', 178, '9788044731480', 'KH0005'),
    ('CTKH31', 162, '9789044731480', 'KH0005'),
    ('CTKH32', 142, '9781044731480', 'KH0005'),
    ('CTKH33', 192, '9712044731480', 'KH0005'),
	('CTKH34', 144, '9713044731480', 'KH0002'),
    ('CTKH35', 252, '9714044731480', 'KH0002'),
    ('CTKH36', 173, '9715044731480', 'KH0002'),
    ('CTKH37', 122, '9716044731480', 'KH0002'),
    ('CTKH38', 112, '9717044731480', 'KH0002'),
    ('CTKH39', 142, '9718044731480', 'KH0002'),
	('CTKH40', 142, '9718044732480', 'KH0003'),
    ('CTKH41', 142, '9718044733480', 'KH0003'),
    ('CTKH42', 142, '9718044734480', 'KH0003'),
    ('CTKH43', 142, '9718044735480', 'KH0003'),
    ('CTKH44', 142, '9718044736480', 'KH0003'),
    ('CTKH45', 142, '9718044737480', 'KH0003'),
	('CTKH46', 142, '9718044738480', 'KH0004'),
    ('CTKH47', 142, '9718044739480', 'KH0004'),
    ('CTKH48', 142, '9718044710480', 'KH0004'),
    ('CTKH49', 142, '9718044711480', 'KH0004'),
    ('CTKH50', 142, '9718044712480', 'KH0004'),
    ('CTKH51', 142, '9718044714480', 'KH0004'),
	('CTKH52', 142, '9718044713480', 'KH0005'),
    ('CTKH53', 142, '9718044715480', 'KH0005'),
    ('CTKH54', 142, '9718044716480', 'KH0005'),
    ('CTKH55', 142, '9718044717480', 'KH0005'),
    ('CTKH56', 142, '9718044718480', 'KH0005')

go
INSERT PhieuNhapKho(maPhieuNhapKho,maKhoHangNhap,maNV,ngayLap,soLuong)
VALUES
	('PNK0001','KH0001','22687251',GETDATE(),150),
	('PNK0002','KH0002','22687251',GETDATE(),60),
	('PNK0003','KH0003','22687251',GETDATE(),100),
	('PNK0004', 'KH0001', '22687251', GETDATE(), 105),
    ('PNK0005', 'KH0002', '22687251', GETDATE(), 144),
    ('PNK0006', 'KH0003', '22687251', GETDATE(), 55),
    ('PNK0007', 'KH0004', '22687251', GETDATE(), 188),
    ('PNK0008', 'KH0005', '22687251', GETDATE(), 75),
	('PNK0009', 'KH0001', '22687251', GETDATE(), 278),
    ('PNK0010', 'KH0002', '22687251', GETDATE(), 257),
    ('PNK0011', 'KH0003', '22687251', DATEADD(day, -35, GETDATE()), 32),
    ('PNK0012', 'KH0004', '22687251', DATEADD(day, -30, GETDATE()), 142),
    ('PNK0013', 'KH0005', '22687251', DATEADD(day, -30, GETDATE()), 136),
	('PNK0014', 'KH0004', '22687251', DATEADD(day, -28, GETDATE()), 935),
    ('PNK0015', 'KH0001', '22687251', DATEADD(day, -25, GETDATE()), 395),
	('PNK0016', 'KH0005', '22687251', DATEADD(day, -24, GETDATE()), 1009),
	('PNK0017', 'KH0002', '22687251', DATEADD(day, -18, GETDATE()), 1003),
	('PNK0018', 'KH0003', '22687251', DATEADD(day, -14, GETDATE()), 852),
	('PNK0019', 'KH0004', '22687251', GETDATE(), 852),
	('PNK0020', 'KH0005', '22687251', GETDATE(), 710)
go
INSERT ChiTietPhieuNhapKho(maChiTietPhieuNhapKho,maPhieuNhapKho,soLuong,ISBN)
VALUES
	('CTPNK00001','PNK0001',100,'9786044916934'),
	('CTPNK00002','PNK0001',50,'8935212358095'),
	('CTPNK00003','PNK0002',60,'8935235242449'),
	('CTPNK00004','PNK0003',50,'8935095632053'),
	('CTPNK00005','PNK0003',50,'9786044731483'),
	('CTPNK00006', 'PNK0004', 60, '9786044731484'),
    ('CTPNK00007', 'PNK0004', 45, '9786044731489'),
    ('CTPNK00008', 'PNK0005', 67, '9786044731485'),
    ('CTPNK00009', 'PNK0005', 77, '1786044731480'),
    ('CTPNK00010', 'PNK0006', 23, '9786044731486'),
    ('CTPNK00011', 'PNK0006', 32, '9786044731487'),
    ('CTPNK00012', 'PNK0007', 88, '9786044731488'),
    ('CTPNK00013', 'PNK0007', 100, '9786044731483'),
	('CTPNK00014', 'PNK0008', 30, '9786044731483'),
	('CTPNK00015', 'PNK0008', 45, '9786044731483'),
	('CTPNK00016', 'PNK0009', 136, '9186044731480'),
    ('CTPNK00017', 'PNK0009', 142, '9686044731480'),
    ('CTPNK00018', 'PNK0010', 145, '9286044731480'),
    ('CTPNK00019', 'PNK0010', 112, '9786044731480'),
    ('CTPNK00020', 'PNK0011', 32, '9386044731480'),
    ('CTPNK00021', 'PNK0012', 142, '9486044731480'),
    ('CTPNK00022', 'PNK0013', 136, '9586044731480'),
	('CTPNK00023', 'PNK0014', 199, '9886044731480'),
    ('CTPNK00024', 'PNK0014', 200, '9986044731480'),
    ('CTPNK00025', 'PNK0014', 212, '4716044731480'),
    ('CTPNK00026', 'PNK0014', 182, '9726044731480'),
    ('CTPNK00027', 'PNK0014', 142, '9736044731480'),
    ('CTPNK00028', 'PNK0015', 143, '9746044731480'),
    ('CTPNK00029', 'PNK0015', 252, '9756044731480'),
	('CTPNK00030', 'PNK0016', 192, '9766044731480'),
    ('CTPNK00031', 'PNK0016', 143, '9776044731480'),
    ('CTPNK00032', 'PNK0016', 178, '9788044731480'),
    ('CTPNK00033', 'PNK0016', 162, '9789044731480'),
    ('CTPNK00034', 'PNK0016', 142, '9781044731480'),
    ('CTPNK00035', 'PNK0016', 192, '9712044731480'),
	('CTPNK00036', 'PNK0017', 144, '9713044731480'),
    ('CTPNK00037', 'PNK0017', 252, '9714044731480'),
    ('CTPNK00038', 'PNK0017', 173, '9715044731480'),
    ('CTPNK00039', 'PNK0017', 122, '9716044731480'),
    ('CTPNK00040', 'PNK0017', 112, '9717044731480'),
    ('CTPNK00041', 'PNK0017', 142, '9718044731480'),
	('CTPNK00042', 'PNK0018', 142, '9718044732480'),
    ('CTPNK00043', 'PNK0018', 142, '9718044733480'),
    ('CTPNK00044', 'PNK0018', 142, '9718044734480'),
    ('CTPNK00045', 'PNK0018', 142, '9718044735480'),
    ('CTPNK00046', 'PNK0018', 142, '9718044736480'),
    ('CTPNK00047', 'PNK0018', 142, '9718044737480'),
	('CTPNK00048', 'PNK0019', 142, '9718044738480'),
    ('CTPNK00049', 'PNK0019', 142, '9718044739480'),
    ('CTPNK00050', 'PNK0019', 142, '9718044710480'),
    ('CTPNK00051', 'PNK0019', 142, '9718044711480'),
    ('CTPNK00052', 'PNK0019', 142, '9718044712480'),
    ('CTPNK00053', 'PNK0019', 142, '9718044714480'),
	('CTPNK00054', 'PNK0020', 142, '9718044713480'),
    ('CTPNK00055', 'PNK0020', 142, '9718044715480'),
    ('CTPNK00056', 'PNK0020', 142, '9718044716480'),
    ('CTPNK00057', 'PNK0020', 142, '9718044717480'),
    ('CTPNK00058', 'PNK0020', 142, '9718044718480')

go
INSERT PhieuXuatKho(maPhieuXuatKho,maKhoHangXuat,maKhoHangNhap,maNV,ngayLap,soLuong)
VALUES
	('PXK0001','KH0001','KH0002','22687251',GETDATE(),20),
	('PXK0002','KH0002','KH0003','22687251',GETDATE(),5),
	('PXK0003','KH0003','KH0003','22687251',GETDATE(),5)
go
INSERT ChiTietPhieuXuatKho(maChiTietPhieuXuatKho,maPhieuXuatKho,soLuong,ISBN)
VALUES
	('CTPXK00001','PXK0001',20,'8935212358095'),
	('CTPXK00002','PXK0002',5,'8935235242449'),
	('CTPXK00003','PXK0003',5,'8935095632053')
go
INSERT HoaDon(maHoaDon,maNV,ngayTaoDon)
VALUES
	('HD0001','22687251',GETDATE()),
	('HD0002','22687251',GETDATE()),
	('HD0003','22691364',GETDATE()),
	('HD0004', '22687251', DATEADD(day, -10, GETDATE())),
    ('HD0005', '22687251', DATEADD(day, -20, GETDATE())),
    ('HD0006', '22691367', DATEADD(day, -30, GETDATE())),
    ('HD0007', '22691367', DATEADD(day, -40, GETDATE())),
    ('HD0008', '22691364', DATEADD(day, -20, GETDATE())),
    ('HD0009', '22687251', DATEADD(day, -10, GETDATE())),
    ('HD0010', '22691364', DATEADD(day, -20, GETDATE())),
    ('HD0011', '22691367', DATEADD(day, -30, GETDATE())),
    ('HD0012', '22691367', DATEADD(day, -10, GETDATE())),
    ('HD0013', '22687251', DATEADD(day, -20, GETDATE())),
	('HD0014', '22687251', DATEADD(day, -15, GETDATE())),
    ('HD0015', '22691367', DATEADD(day, -25, GETDATE())),
    ('HD0016', '22687251', DATEADD(day, -35, GETDATE())),
    ('HD0017', '22691367', DATEADD(day, -45, GETDATE())),
    ('HD0018', '22687251', DATEADD(day, -35, GETDATE())),
    ('HD0019', '22691367', DATEADD(day, -12, GETDATE())),
    ('HD0020', '22691367', DATEADD(day, -25, GETDATE())),
    ('HD0021', '22691364', DATEADD(day, -35, GETDATE())),
    ('HD0022', '22687251', DATEADD(day, -15, GETDATE())),
    ('HD0023', '22691367', DATEADD(day, -25, GETDATE())),
	('HD0024', '22691367', DATEADD(day, -150, GETDATE())),
	('HD0025', '22687251', DATEADD(day, -130, GETDATE())),
	('HD0026', '22691367', DATEADD(day, -120, GETDATE())),
	('HD0027', '22687251', DATEADD(day, -10, GETDATE())),
	('HD0028', '22691367', DATEADD(day, -30, GETDATE())),
	('HD0029', '22687251', DATEADD(day, -50, GETDATE())),
	('HD0030', '22687251', DATEADD(day, -80, GETDATE())),
	('HD0031', '22687251', DATEADD(day, -90, GETDATE())),
	('HD0032', '22691367', DATEADD(day, -20, GETDATE())),
	('HD0033', '22687251', DATEADD(day, -30, GETDATE())),
	('HD0034', '22687251', DATEADD(day, -90, GETDATE())),
	('HD0035', '22691364', DATEADD(day, -350, GETDATE())),
	('HD0036', '22691367', DATEADD(day, -460, GETDATE())),
	('HD0037', '22691364', DATEADD(day, -320, GETDATE())),
	('HD0038', '22691364', DATEADD(day, -310, GETDATE())),
	('HD0039', '22691367', DATEADD(day, -150, GETDATE())),
	('HD0040', '22691364', DATEADD(day, -70, GETDATE())),
	('HD0041', '22691367', DATEADD(day, -90, GETDATE())),
	('HD0042', '22691364', DATEADD(day, -80, GETDATE())),
	('HD0043', '22691364', DATEADD(day, -40, GETDATE())),
	('HD0044', '22687251', DATEADD(day, -90, GETDATE())),
	('HD0045', '22687251', DATEADD(day, -130, GETDATE())),
	('HD0046', '22687251', DATEADD(day, -234, GETDATE())),
	('HD0047', '22691367', DATEADD(day, -432, GETDATE())),
	('HD0048', '22691364', DATEADD(day, -42, GETDATE())),
	('HD0049', '22691364', DATEADD(day, -176, GETDATE())),
	('HD0050', '22691367', DATEADD(day, -98, GETDATE())),
	('HD0051', '22687251', DATEADD(day, -134, GETDATE())),
	('HD0052', '22687251', DATEADD(day, -15, GETDATE())),
	('HD0053', '22691367', DATEADD(day, -18, GETDATE())),
	('HD0054', '22687251', DATEADD(day, -14, GETDATE())),
	('HD0055', '22691367', DATEADD(day, -18, GETDATE())),
	('HD0056', '22687251', DATEADD(day, -12, GETDATE())),
	('HD0057', '22687251', DATEADD(day, -19, GETDATE())),
	('HD0058', '22687251', DATEADD(day, -11, GETDATE())),
	('HD0059', '22691364', DATEADD(day, -13, GETDATE())),
	('HD0060', '22691364', DATEADD(day, -15, GETDATE())),
	('HD0061', '22691364', DATEADD(day, -31, GETDATE())),
	('HD0062', '22691364', DATEADD(day, -62, GETDATE())),
	('HD0063', '22691364', DATEADD(day, -189, GETDATE())),
	('HD0064', '22691364', DATEADD(day, -113, GETDATE())),
	('HD0065', '22691364', DATEADD(day, -123, GETDATE())),
	('HD0066', '22687251', DATEADD(day, -32, GETDATE())),
	('HD0067', '22691364', DATEADD(day, -52, GETDATE())),
	('HD0068', '22687251', DATEADD(day, -42, GETDATE())),
	('HD0069', '22687251', DATEADD(day, -64, GETDATE())),
	('HD0070', '22687251', DATEADD(day, -89, GETDATE())),
	('HD0071', '22687251', DATEADD(day, -342, GETDATE())),
	('HD0072', '22691364', DATEADD(day, -53, GETDATE())),
	('HD0073', '22687251', DATEADD(day, -65, GETDATE())),
	('HD0074', '22687251', DATEADD(day, -53, GETDATE())),
	('HD0075', '22687251', DATEADD(day, -89, GETDATE())),
	('HD0076', '22687251', DATEADD(day, -90, GETDATE())),
	('HD0077', '22687251', DATEADD(day, -32, GETDATE())),
	('HD0078', '22691364', DATEADD(day, -43, GETDATE())),
	('HD0079', '22691367', DATEADD(day, -76, GETDATE())),
	('HD0080', '22687251', DATEADD(day, -64, GETDATE())),
	('HD0081', '22691364', DATEADD(day, -89, GETDATE())),
	('HD0082', '22687251', DATEADD(day, -23, GETDATE())),
	('HD0083', '22691364', DATEADD(day, -45, GETDATE())),
	('HD0084', '22687251', DATEADD(day, -97, GETDATE())),
	('HD0085', '22691367', DATEADD(day, -32, GETDATE())),
	('HD0086', '22691367', DATEADD(day, -89, GETDATE())),
	('HD0087', '22691367', DATEADD(day, -32, GETDATE())),
	('HD0088', '22691367', DATEADD(day, -412, GETDATE())),
	('HD0089', '22687251', DATEADD(day, -76, GETDATE())),
	('HD0090', '22691364', DATEADD(day, -89, GETDATE())),
	('HD0091', '22691364', DATEADD(day, -48, GETDATE())),
	('HD0092', '22691364', DATEADD(day, -56, GETDATE())),
	('HD0093', '22687251', DATEADD(day, -34, GETDATE())),
	('HD0094', '22691364', DATEADD(day, -89, GETDATE())),
	('HD0095', '22687251', DATEADD(day, -23, GETDATE())),
	('HD0096', '22691367', DATEADD(day, -4, GETDATE())),
	('HD0097', '22691367', DATEADD(day, -50, GETDATE())),
	('HD0098', '22691367', DATEADD(day, -15, GETDATE())),
	('HD0099', '22691367', DATEADD(day, -14, GETDATE())),
	('HD0100', '22687251', DATEADD(day, -103, GETDATE())),
	('HD0101', '22691367', DATEADD(day, -13, GETDATE())),
	('HD0102', '22687251', DATEADD(day, -14, GETDATE())),
	('HD0103', '22691367', DATEADD(day, -10, GETDATE())),
	('HD0104', '22691365', DATEADD(day, -197, GETDATE())),
	('HD0105', '22687251', DATEADD(day, -51, GETDATE())),
	('HD0106', '22685411', DATEADD(day, -116, GETDATE())),
	('HD0107', '22685461', DATEADD(day, -469, GETDATE())),
	('HD0108', '22691362', DATEADD(day, -477, GETDATE())),
	('HD0109', '22691362', DATEADD(day, -330, GETDATE())),
	('HD0110', '22691362', DATEADD(day, -20, GETDATE())),
	('HD0111', '22690761', DATEADD(day, -110, GETDATE())),
	('HD0112', '22687251', DATEADD(day, -343, GETDATE())),
	('HD0113', '22691362', DATEADD(day, -446, GETDATE())),
	('HD0114', '22685411', DATEADD(day, -458, GETDATE())),
	('HD0115', '22691363', DATEADD(day, -62, GETDATE())),
	('HD0116', '22691363', DATEADD(day, -253, GETDATE())),
	('HD0117', '22691363', DATEADD(day, -187, GETDATE())),
	('HD0118', '22685461', DATEADD(day, -325, GETDATE())),
	('HD0119', '22690761', DATEADD(day, -27, GETDATE())),
	('HD0120', '22691362', DATEADD(day, -32, GETDATE())),
	('HD0121', '22691362', DATEADD(day, -50, GETDATE())),
	('HD0122', '22685461', DATEADD(day, -88, GETDATE())),
	('HD0123', '22691365', DATEADD(day, -378, GETDATE()))
go
INSERT ChiTietHoaDon(maChiTietHoaDon,maHoaDon,soLuong,donGia,ISBN)
VALUES
	('CTHD00001','HD0001',5,55000,'8935235242449'),
	('CTHD00002','HD0002',1,55000,'8935235242449'),
	('CTHD00003','HD0003',1,45000,'8935095632053'),
	('CTHD00004', 'HD0004', 3, 55000, '8935235242449'),
    ('CTHD00005', 'HD0005', 2, 45000, '8935095632053'),
    ('CTHD00006', 'HD0006', 1, 75000, '9786044731484'),
    ('CTHD00007', 'HD0007', 4, 135000, '9786044731485'),
    ('CTHD00008', 'HD0008', 5, 120000, '9786044731486'),
    ('CTHD00009', 'HD0009', 2, 155000, '9786044731487'),
    ('CTHD00010', 'HD0010', 6, 115000, '9786044731488'),
    ('CTHD00011', 'HD0011', 3, 157000, '9786044731489'),
    ('CTHD00012', 'HD0012', 4, 195000, '1786044731480'),
    ('CTHD00013', 'HD0013', 1, 105000, '9186044731480'),
    ('CTHD00014', 'HD0014', 2, 100000, '9718044738480'),
    ('CTHD00015', 'HD0014', 1, 100000, '9718044739480'),
    ('CTHD00016', 'HD0014', 3, 100000, '9718044710480'),
    ('CTHD00017', 'HD0015', 1, 100000, '9718044711480'),
    ('CTHD00018', 'HD0015', 4, 100000, '9718044712480'),
    ('CTHD00019', 'HD0015', 2, 100000, '9718044714480'),
    ('CTHD00020', 'HD0016', 5, 100000, '9718044713480'),
    ('CTHD00021', 'HD0016', 3, 100000, '9718044715480'),
    ('CTHD00022', 'HD0017', 2, 100000, '9718044716480'),
    ('CTHD00023', 'HD0017', 1, 100000, '9718044717480'),
    ('CTHD00024', 'HD0017', 4, 100000, '9718044718480'),
    ('CTHD00025', 'HD0018', 3, 100000, '9718044711480'),
    ('CTHD00026', 'HD0018', 2, 100000, '9718044738480'),
    ('CTHD00027', 'HD0019', 6, 100000, '9718044710480'),
    ('CTHD00028', 'HD0019', 2, 100000, '9718044712480'),
    ('CTHD00029', 'HD0020', 1, 100000, '9718044739480'),
    ('CTHD00030', 'HD0020', 3, 100000, '9718044715480'),
    ('CTHD00031', 'HD0021', 2, 100000, '9718044713480'),
    ('CTHD00032', 'HD0021', 1, 100000, '9718044716480'),
    ('CTHD00033', 'HD0022', 5, 100000, '9718044738480'),
    ('CTHD00034', 'HD0022', 2, 100000, '9718044717480'),
    ('CTHD00035', 'HD0023', 4, 100000, '9718044715480'),
    ('CTHD00036', 'HD0023', 3, 100000, '9718044718480'),
	('CTHD00037', 'HD0024', 3, 55000, '8935235242449'),
	('CTHD00038', 'HD0024', 5, 80000, '9786044916934'),
	('CTHD00039', 'HD0024', 2, 120000, '8935212358095'),
	('CTHD00040', 'HD0025', 1, 95000, '8935095632053'),
	('CTHD00041', 'HD0025', 4, 70000, '9786044731485'),
	('CTHD00042', 'HD0025', 7, 180000, '9786044731483'),
	('CTHD00043', 'HD0026', 6, 120000, '8935235242449'),
	('CTHD00044', 'HD0026', 3, 135000, '9786044731484'),
	('CTHD00045', 'HD0026', 2, 95000, '9786044916934'),
	('CTHD00046', 'HD0027', 4, 70000, '9786044731486'),
	('CTHD00047', 'HD0027', 5, 155000, '9786044731483'),
	('CTHD00048', 'HD0027', 8, 80000, '8935235242449'),
	('CTHD00049', 'HD0028', 2, 120000, '8935095632053'),
	('CTHD00050', 'HD0028', 6, 180000, '9786044731483'),
	('CTHD00051', 'HD0028', 9, 80000, '9786044916934'),
	('CTHD00052', 'HD0029', 3, 70000, '9786044731486'),
	('CTHD00053', 'HD0029', 4, 80000, '8935212358095'),
	('CTHD00054', 'HD0029', 2, 180000, '9786044731483'),
	('CTHD00055', 'HD0030', 5, 95000, '9786044916934'),
	('CTHD00056', 'HD0030', 6, 120000, '8935235242449'),
	('CTHD00057', 'HD0030', 7, 135000, '9786044731484'),
	('CTHD00058', 'HD0031', 8, 155000, '9786044731485'),
	('CTHD00059', 'HD0031', 3, 120000, '8935095632053'),
	('CTHD00060', 'HD0031', 2, 70000, '8935212358095'),
	('CTHD00061', 'HD0032', 6, 80000, '9786044916934'),
	('CTHD00062', 'HD0032', 4, 95000, '8935235242449'),
	('CTHD00063', 'HD0032', 3, 135000, '9786044731484'),
	('CTHD00064', 'HD0033', 2, 120000, '9786044731483'),
	('CTHD00065', 'HD0033', 7, 180000, '8935095632053'),
	('CTHD00066', 'HD0033', 9, 80000, '9786044916934'),
	('CTHD00067', 'HD0034', 2, 70000, '9786044731486'),
	('CTHD00068', 'HD0034', 5, 80000, '8935235242449'),
	('CTHD00069', 'HD0034', 1, 180000, '9786044916934'),
	('CTHD00070', 'HD0035', 4, 135000, '9786044731483'),
	('CTHD00071', 'HD0035', 6, 120000, '8935095632053'),
	('CTHD00072', 'HD0035', 3, 95000, '9786044731484'),
	('CTHD00073', 'HD0036', 7, 155000, '8935212358095'),
	('CTHD00074', 'HD0036', 2, 80000, '8935235242449'),
	('CTHD00075', 'HD0036', 5, 70000, '9786044916934'),
	('CTHD00076', 'HD0037', 3, 120000, '9786044731483'),
	('CTHD00077', 'HD0037', 4, 180000, '8935095632053'),
	('CTHD00078', 'HD0037', 6, 95000, '8935212358095'),
	('CTHD00079', 'HD0038', 2, 155000, '9786044731484'),
	('CTHD00080', 'HD0038', 5, 120000, '8935235242449'),
	('CTHD00081', 'HD0038', 4, 80000, '9786044916934'),
	('CTHD00082', 'HD0039', 3, 70000, '9786044731486'),
	('CTHD00083', 'HD0039', 6, 120000, '8935235242449'),
	('CTHD00084', 'HD0039', 4, 135000, '9786044916934'),
	('CTHD00085', 'HD0040', 5, 155000, '9786044731484'),
	('CTHD00086', 'HD0040', 2, 80000, '8935212358095'),
	('CTHD00087', 'HD0040', 7, 180000, '8935095632053'),
	('CTHD00088', 'HD0041', 4, 95000, '9786044731483'),
	('CTHD00089', 'HD0041', 3, 70000, '9786044916934'),
	('CTHD00090', 'HD0041', 6, 80000, '8935235242449'),
	('CTHD00091', 'HD0042', 7, 135000, '9786044731484'),
	('CTHD00092', 'HD0042', 8, 120000, '8935095632053'),
	('CTHD00093', 'HD0042', 2, 155000, '9786044731486'),
	('CTHD00094', 'HD0043', 5, 180000, '8935212358095'),
	('CTHD00095', 'HD0043', 9, 80000, '8935235242449'),
	('CTHD00096', 'HD0043', 4, 95000, '9786044916934'),
	('CTHD00097', 'HD0044', 6, 80000, '8935235242449'),
	('CTHD00098', 'HD0044', 3, 95000, '9786044731486'),
	('CTHD00099', 'HD0044', 2, 135000, '9786044916934'),
	('CTHD00100', 'HD0045', 5, 120000, '8935095632053'),
	('CTHD00101', 'HD0045', 7, 70000, '9786044731483'),
	('CTHD00102', 'HD0045', 4, 155000, '9786044731484'),
	('CTHD00103', 'HD0046', 3, 180000, '8935235242449'),
	('CTHD00104', 'HD0046', 6, 95000, '9786044731486'),
	('CTHD00105', 'HD0046', 2, 80000, '9786044916934'),
	('CTHD00106', 'HD0047', 7, 135000, '8935212358095'),
	('CTHD00107', 'HD0047', 8, 120000, '8935095632053'),
	('CTHD00108', 'HD0047', 4, 180000, '9786044731483'),
	('CTHD00109', 'HD0048', 5, 95000, '8935235242449'),
	('CTHD00110', 'HD0048', 9, 70000, '9786044731486'),
	('CTHD00111', 'HD0048', 6, 80000, '9786044916934'),
	('CTHD00112', 'HD0049', 4, 80000, '9786044731486'),
	('CTHD00113', 'HD0049', 5, 95000, '8935235242449'),
	('CTHD00114', 'HD0049', 3, 135000, '9786044916934'),
	('CTHD00115', 'HD0050', 7, 120000, '8935095632053'),
	('CTHD00116', 'HD0050', 6, 70000, '9786044731483'),
	('CTHD00117', 'HD0050', 2, 155000, '9786044731484'),
	('CTHD00118', 'HD0051', 3, 180000, '8935235242449'),
	('CTHD00119', 'HD0051', 4, 95000, '9786044731486'),
	('CTHD00120', 'HD0051', 5, 80000, '9786044916934'),
	('CTHD00121', 'HD0052', 7, 135000, '8935212358095'),
	('CTHD00122', 'HD0052', 8, 120000, '8935095632053'),
	('CTHD00123', 'HD0052', 3, 180000, '9786044731483'),
	('CTHD00124', 'HD0053', 4, 95000, '8935235242449'),
	('CTHD00125', 'HD0053', 5, 70000, '9786044731486'),
	('CTHD00126', 'HD0053', 6, 80000, '9786044916934'),
	('CTHD00127', 'HD0054', 3, 70000, '9786044731486'),
	('CTHD00128', 'HD0054', 5, 95000, '8935235242449'),
	('CTHD00129', 'HD0054', 2, 135000, '9786044916934'),
	('CTHD00130', 'HD0055', 4, 120000, '8935095632053'),
	('CTHD00131', 'HD0055', 6, 80000, '9786044731483'),
	('CTHD00132', 'HD0055', 3, 155000, '9786044731484'),
	('CTHD00133', 'HD0056', 7, 180000, '8935235242449'),
	('CTHD00134', 'HD0056', 2, 95000, '9786044731486'),
	('CTHD00135', 'HD0056', 4, 80000, '9786044916934'),
	('CTHD00136', 'HD0057', 5, 135000, '8935212358095'),
	('CTHD00137', 'HD0057', 6, 120000, '8935095632053'),
	('CTHD00138', 'HD0057', 8, 180000, '9786044731483'),
	('CTHD00139', 'HD0058', 4, 95000, '8935235242449'),
	('CTHD00140', 'HD0058', 7, 70000, '9786044731486'),
	('CTHD00141', 'HD0058', 6, 80000, '9786044916934'),
	('CTHD00142', 'HD0059', 5, 70000, '9786044731486'),
	('CTHD00143', 'HD0059', 2, 95000, '8935235242449'),
	('CTHD00144', 'HD0059', 3, 135000, '9786044916934'),
	('CTHD00145', 'HD0060', 6, 120000, '8935095632053'),
	('CTHD00146', 'HD0060', 4, 80000, '9786044731483'),
	('CTHD00147', 'HD0060', 7, 155000, '9786044731484'),
	('CTHD00148', 'HD0061', 3, 180000, '8935235242449'),
	('CTHD00149', 'HD0061', 8, 95000, '9786044731486'),
	('CTHD00150', 'HD0061', 6, 80000, '9786044916934'),
	('CTHD00151', 'HD0062', 4, 135000, '8935212358095'),
	('CTHD00152', 'HD0062', 5, 120000, '8935095632053'),
	('CTHD00153', 'HD0062', 7, 180000, '9786044731483'),
	('CTHD00154', 'HD0063', 6, 95000, '8935235242449'),
	('CTHD00155', 'HD0063', 4, 70000, '9786044731486'),
	('CTHD00156', 'HD0063', 8, 80000, '9786044916934'),
	('CTHD00157', 'HD0064', 4, 70000, '9786044731486'),
	('CTHD00158', 'HD0064', 6, 95000, '8935235242449'),
	('CTHD00159', 'HD0064', 3, 135000, '9786044916934'),
	('CTHD00160', 'HD0065', 5, 120000, '8935095632053'),
	('CTHD00161', 'HD0065', 2, 80000, '9786044731483'),
	('CTHD00162', 'HD0065', 4, 155000, '9786044731484'),
	('CTHD00163', 'HD0066', 3, 180000, '8935235242449'),
	('CTHD00164', 'HD0066', 5, 95000, '9786044731486'),
	('CTHD00165', 'HD0066', 6, 80000, '9786044916934'),
	('CTHD00166', 'HD0067', 7, 135000, '8935212358095'),
	('CTHD00167', 'HD0067', 8, 120000, '8935095632053'),
	('CTHD00168', 'HD0067', 4, 180000, '9786044731483'),
	('CTHD00169', 'HD0068', 5, 95000, '8935235242449'),
	('CTHD00170', 'HD0068', 6, 70000, '9786044731486'),
	('CTHD00171', 'HD0068', 8, 80000, '9786044916934'),
	('CTHD00172', 'HD0069', 6, 80000, '8935235242449'),
	('CTHD00173', 'HD0069', 3, 95000, '9786044731486'),
	('CTHD00174', 'HD0069', 4, 135000, '9786044916934'),
	('CTHD00175', 'HD0070', 5, 120000, '8935095632053'),
	('CTHD00176', 'HD0070', 6, 80000, '9786044731483'),
	('CTHD00177', 'HD0070', 7, 155000, '9786044731484'),
	('CTHD00178', 'HD0071', 3, 180000, '8935235242449'),
	('CTHD00179', 'HD0071', 5, 95000, '9786044731486'),
	('CTHD00180', 'HD0071', 6, 80000, '9786044916934'),
	('CTHD00181', 'HD0072', 7, 135000, '8935212358095'),
	('CTHD00182', 'HD0072', 8, 120000, '8935095632053'),
	('CTHD00183', 'HD0072', 4, 180000, '9786044731483'),
	('CTHD00184', 'HD0073', 5, 95000, '8935235242449'),
	('CTHD00185', 'HD0073', 6, 70000, '9786044731486'),
	('CTHD00186', 'HD0073', 8, 80000, '9786044916934'),
	('CTHD00187', 'HD0074', 3, 80000, '8935235242449'),
	('CTHD00188', 'HD0074', 5, 95000, '9786044731486'),
	('CTHD00189', 'HD0074', 2, 135000, '9786044916934'),
	('CTHD00190', 'HD0075', 4, 120000, '8935095632053'),
	('CTHD00191', 'HD0075', 6, 80000, '9786044731483'),
	('CTHD00192', 'HD0075', 7, 155000, '9786044731484'),
	('CTHD00193', 'HD0076', 3, 180000, '8935235242449'),
	('CTHD00194', 'HD0076', 5, 95000, '9786044731486'),
	('CTHD00195', 'HD0076', 6, 80000, '9786044916934'),
	('CTHD00196', 'HD0077', 7, 135000, '8935212358095'),
	('CTHD00197', 'HD0077', 8, 120000, '8935095632053'),
	('CTHD00198', 'HD0077', 4, 180000, '9786044731483'),
	('CTHD00199', 'HD0078', 5, 95000, '8935235242449'),
	('CTHD00200', 'HD0078', 6, 70000, '9786044731486'),
	('CTHD00201', 'HD0078', 8, 80000, '9786044916934'),
	('CTHD00202', 'HD0079', 3, 80000, '8935235242449'),
	('CTHD00203', 'HD0079', 5, 95000, '9786044731486'),
	('CTHD00204', 'HD0079', 2, 135000, '9786044916934'),
	('CTHD00205', 'HD0080', 4, 120000, '8935095632053'),
	('CTHD00206', 'HD0080', 6, 80000, '9786044731483'),
	('CTHD00207', 'HD0080', 7, 155000, '9786044731484'),
	('CTHD00208', 'HD0081', 3, 180000, '8935235242449'),
	('CTHD00209', 'HD0081', 5, 95000, '9786044731486'),
	('CTHD00210', 'HD0081', 6, 80000, '9786044916934'),
	('CTHD00211', 'HD0082', 7, 135000, '8935212358095'),
	('CTHD00212', 'HD0082', 8, 120000, '8935095632053'),
	('CTHD00213', 'HD0082', 4, 180000, '9786044731483'),
	('CTHD00214', 'HD0083', 5, 95000, '8935235242449'),
	('CTHD00215', 'HD0083', 6, 70000, '9786044731486'),
	('CTHD00216', 'HD0083', 8, 80000, '9786044916934'),
	('CTHD00217', 'HD0084', 4, 80000, '8935235242449'),
	('CTHD00218', 'HD0084', 6, 95000, '9786044731486'),
	('CTHD00219', 'HD0084', 3, 135000, '9786044916934'),
	('CTHD00220', 'HD0085', 5, 120000, '8935095632053'),
	('CTHD00221', 'HD0085', 7, 80000, '9786044731483'),
	('CTHD00222', 'HD0085', 2, 155000, '9786044731484'),
	('CTHD00223', 'HD0086', 3, 180000, '8935235242449'),
	('CTHD00224', 'HD0086', 4, 95000, '9786044731486'),
	('CTHD00225', 'HD0086', 5, 80000, '9786044916934'),
	('CTHD00226', 'HD0087', 7, 135000, '8935212358095'),
	('CTHD00227', 'HD0087', 8, 120000, '8935095632053'),
	('CTHD00228', 'HD0087', 6, 180000, '9786044731483'),
	('CTHD00229', 'HD0088', 5, 95000, '8935235242449'),
	('CTHD00230', 'HD0088', 6, 70000, '9786044731486'),
	('CTHD00231', 'HD0088', 8, 80000, '9786044916934'),
	('CTHD00232', 'HD0089', 3, 80000, '8935235242449'),
	('CTHD00233', 'HD0089', 5, 95000, '9786044731486'),
	('CTHD00234', 'HD0089', 2, 135000, '9786044916934'),
	('CTHD00235', 'HD0090', 4, 120000, '8935095632053'),
	('CTHD00236', 'HD0090', 6, 80000, '9786044731483'),
	('CTHD00237', 'HD0090', 7, 155000, '9786044731484'),
	('CTHD00238', 'HD0091', 3, 180000, '8935235242449'),
	('CTHD00239', 'HD0091', 5, 95000, '9786044731486'),
	('CTHD00240', 'HD0091', 6, 80000, '9786044916934'),
	('CTHD00241', 'HD0092', 7, 135000, '8935212358095'),
	('CTHD00242', 'HD0092', 8, 120000, '8935095632053'),
	('CTHD00243', 'HD0092', 4, 180000, '9786044731483'),
	('CTHD00244', 'HD0093', 5, 95000, '8935235242449'),
	('CTHD00245', 'HD0093', 6, 70000, '9786044731486'),
	('CTHD00246', 'HD0093', 8, 80000, '9786044916934'),
	('CTHD00247', 'HD0094', 3, 80000, '8935235242449'),
	('CTHD00248', 'HD0094', 5, 95000, '9786044731486'),
	('CTHD00249', 'HD0094', 2, 135000, '9786044916934'),
	('CTHD00250', 'HD0095', 4, 120000, '8935095632053'),
	('CTHD00251', 'HD0095', 6, 80000, '9786044731483'),
	('CTHD00252', 'HD0095', 7, 155000, '9786044731484'),
	('CTHD00253', 'HD0096', 3, 180000, '8935235242449'),
	('CTHD00254', 'HD0096', 5, 95000, '9786044731486'),
	('CTHD00255', 'HD0096', 6, 80000, '9786044916934'),
	('CTHD00256', 'HD0097', 7, 135000, '8935212358095'),
	('CTHD00257', 'HD0097', 8, 120000, '8935095632053'),
	('CTHD00258', 'HD0097', 4, 180000, '9786044731483'),
	('CTHD00259', 'HD0098', 5, 95000, '8935235242449'),
	('CTHD00260', 'HD0098', 6, 70000, '9786044731486'),
	('CTHD00261', 'HD0098', 8, 80000, '9786044916934'),
	('CTHD00262', 'HD0099', 4, 80000, '8935235242449'),
	('CTHD00263', 'HD0099', 6, 95000, '9786044731486'),
	('CTHD00264', 'HD0099', 3, 135000, '9786044916934'),
	('CTHD00265', 'HD0100', 5, 120000, '8935095632053'),
	('CTHD00266', 'HD0100', 7, 80000, '9786044731483'),
	('CTHD00267', 'HD0100', 2, 155000, '9786044731484'),
	('CTHD00268', 'HD0101', 3, 180000, '8935235242449'),
	('CTHD00269', 'HD0101', 4, 95000, '9786044731486'),
	('CTHD00270', 'HD0101', 5, 80000, '9786044916934'),
	('CTHD00271', 'HD0102', 7, 135000, '8935212358095'),
	('CTHD00272', 'HD0102', 8, 120000, '8935095632053'),
	('CTHD00273', 'HD0102', 6, 180000, '9786044731483'),
	('CTHD00274', 'HD0103', 5, 95000, '8935235242449'),
	('CTHD00275', 'HD0103', 6, 70000, '9786044731486'),
	('CTHD00276', 'HD0103', 8, 80000, '9786044916934'),
	 ('CTHD00277', 'HD0104', 2, 278400, '9786044731480'),
	 ('CTHD00278', 'HD0104', 8, 228000, '9386044731480'),
	 ('CTHD00279', 'HD0104', 2, 480000, '9718044737480'),
	 ('CTHD00280', 'HD0105', 5, 211200, '9786044731487'),
	 ('CTHD00281', 'HD0105', 1, 451200, '8935212358095'),
	 ('CTHD00282', 'HD0105', 7, 451200, '1786044731480'),
	 ('CTHD00283', 'HD0106', 3, 331200, '9717044731480'),
	 ('CTHD00284', 'HD0106', 8, 336000, '9786044731488'),
	 ('CTHD00285', 'HD0106', 8, 240000, '9718044732480'),
	 ('CTHD00286', 'HD0107', 8, 240000, '9776044731480'),
	 ('CTHD00287', 'HD0107', 8, 240000, '4716044731480'),
	 ('CTHD00288', 'HD0107', 4, 240000, '9486044731480'),
	 ('CTHD00289', 'HD0108', 8, 331200, '9786044731483'),
	 ('CTHD00290', 'HD0108', 5, 278400, '9788044731480'),
	 ('CTHD00291', 'HD0108', 5, 528000, '8935212358095'),
	 ('CTHD00292', 'HD0109', 4, 211200, '9786044731486'),
	 ('CTHD00293', 'HD0109', 1, 240000, '9786044731489'),
	 ('CTHD00294', 'HD0109', 4, 528000, '9718044711480'),
	 ('CTHD00295', 'HD0109', 3, 451200, '9718044711480'),
	 ('CTHD00296', 'HD0109', 3, 211200, '9718044714480'),
	 ('CTHD00297', 'HD0109', 8, 228000, '9486044731480'),
	 ('CTHD00298', 'HD0109', 2, 240000, '9786044731484'),
	 ('CTHD00299', 'HD0109', 6, 432000, '9713044731480'),
	 ('CTHD00300', 'HD0109', 1, 240000, '9713044731480'),
	 ('CTHD00301', 'HD0110', 9, 228000, '9718044714480'),
	 ('CTHD00302', 'HD0110', 5, 211200, '9786044731487'),
	 ('CTHD00303', 'HD0110', 1, 132000, '9786044731487'),
	 ('CTHD00304', 'HD0110', 2, 408000, '9716044731480'),
	 ('CTHD00305', 'HD0110', 5, 283200, '9718044712480'),
	 ('CTHD00306', 'HD0110', 7, 480000, '9386044731480'),
	 ('CTHD00307', 'HD0110', 10, 240000, '9586044731480'),
	 ('CTHD00308', 'HD0110', 8, 240000, '9786044731486'),
	 ('CTHD00309', 'HD0110', 5, 278400, '9789044731480'),
	 ('CTHD00310', 'HD0111', 2, 213600, '9786044731484'),
	 ('CTHD00311', 'HD0111', 4, 211200, '1786044731480'),
	 ('CTHD00333', 'HD0113', 8, 288000, '1786044731480'),
	 ('CTHD00334', 'HD0113', 1, 480000, '9716044731480'),
	 ('CTHD00335', 'HD0113', 9, 451200, '8935212358095'),
	 ('CTHD00336', 'HD0113', 7, 213600, '9718044739480'),
	 ('CTHD00337', 'HD0114', 6, 451200, '9766044731480'),
	 ('CTHD00338', 'HD0114', 9, 372000, '8935212358095'),
	 ('CTHD00339', 'HD0114', 10, 276000, '9586044731480'),
	 ('CTHD00340', 'HD0114', 5, 240000, '9746044731480'),
	 ('CTHD00341', 'HD0115', 1, 480000, '9718044737480'),
	 ('CTHD00342', 'HD0115', 10, 372000, '9712044731480'),
	 ('CTHD00343', 'HD0115', 10, 108000, '9718044739480'),
	 ('CTHD00344', 'HD0115', 7, 372000, '9786044731486'),
	 ('CTHD00345', 'HD0116', 9, 168000, '8935095632053'),
	 ('CTHD00346', 'HD0116', 5, 475200, '9718044736480'),
	 ('CTHD00347', 'HD0116', 7, 108000, '9756044731480'),
	 ('CTHD00348', 'HD0116', 7, 475200, '9756044731480'),
	 ('CTHD00349', 'HD0117', 1, 456000, '9746044731480'),
	 ('CTHD00350', 'HD0117', 6, 240000, '9716044731480'),
	 ('CTHD00351', 'HD0117', 5, 276000, '9886044731480'),
	 ('CTHD00352', 'HD0117', 5, 211200, '9713044731480'),
	 ('CTHD00353', 'HD0118', 10, 240000, '9718044733480'),
	 ('CTHD00354', 'HD0118', 3, 213600, '4716044731480'),
	 ('CTHD00355', 'HD0118', 7, 331200, '9186044731480'),
	 ('CTHD00356', 'HD0119', 7, 408000, '9756044731480'),
	 ('CTHD00357', 'HD0119', 7, 213600, '9286044731480'),
	 ('CTHD00358', 'HD0120', 10, 192000, '9713044731480'),
	 ('CTHD00359', 'HD0120', 4, 288000, '9786044731489'),
	 ('CTHD00360', 'HD0121', 8, 240000, '9486044731480'),
	 ('CTHD00361', 'HD0121', 7, 283200, '9766044731480'),
	 ('CTHD00362', 'HD0122', 4, 240000, '9718044712480'),
	 ('CTHD00363', 'HD0122', 4, 408000, '9718044731480'),
	 ('CTHD00364', 'HD0123', 9, 240000, '9715044731480'),
	 ('CTHD00365', 'HD0123', 2, 451200, '9788044731480')
